timestamp,sha,duration,total,passed,failed
2026-05-03T03:15:09Z,2e9cc806a7d7239679b46212a29dbcd37ab578ac,2558.908,4,0,2
2026-05-03T03:16:50Z,419b9c7baa403abed0ca02d8a2c554d4507a0e92,2545.9519999999998,4,0,2
2026-05-03T03:23:06Z,62cba0ceb0309eced8f413b9a28091ab79a28c75,2121.239,4,0,2
2026-05-03T03:27:27Z,667e33e51d178ac7c8c85b714eb5babbe9b8895b,1980.875,4,0,2
2026-05-03T22:21:19Z,667e33e51d178ac7c8c85b714eb5babbe9b8895b,4031.473,4,0,2
2026-05-04T22:28:32Z,667e33e51d178ac7c8c85b714eb5babbe9b8895b,3069.784,4,0,2
2026-05-05T22:28:33Z,667e33e51d178ac7c8c85b714eb5babbe9b8895b,3049.324,4,0,2
2026-05-06T22:24:43Z,667e33e51d178ac7c8c85b714eb5babbe9b8895b,3278.893,4,0,2
2026-05-07T22:30:55Z,667e33e51d178ac7c8c85b714eb5babbe9b8895b,2994.125,4,0,2
2026-05-08T00:39:42Z,8f60250f53da9fca918980e3982fc2e4c2c59168,4059.29,4,0,2
2026-05-08T22:27:58Z,8f60250f53da9fca918980e3982fc2e4c2c59168,3547.7479999999996,4,0,2
